<?xml version="1.0" encoding="utf-8"?>
<!DOCTYPE install SYSTEM "http://dev.joomla.org/xml/1.5/plugin-install.dtd">
<install type="plugin" group="content" version="1.5.0" method="upgrade">
	<name>Szaki Table</name>
	<author>Szaki</author>
	<creationDate>2010-12-29</creationDate>
	<copyright>(C) 2010 szathmari.hu All rights reserved.</copyright>
	<license>http://www.gnu.org/copyleft/gpl.html GNU/GPL</license>
	<authorEmail>info@szathmari.hu</authorEmail>
	<authorUrl>www.szathmari.hu</authorUrl>
	<version>0.2</version>
	<description>
	<![CDATA[
	<div align="left">
	<strong><font face="Verdana, Arial, Helvetica, sans-serif" class="sectionname">
	Szaki Table</font></strong>
	<br>
	<b>How to use it?</b><br>
	Install plugin, enable Szaki Table Plugin and use simple:   {szakitable filter="table" zebra="#ffa" width="750"}...{/szakitable}<br>
	<br><b>To update this extension <a href="http://www.szathmari.hu" title="Take a look!" target="_blank">szathmari.hu</a>
	]]>
	</description>
	
	<!-- Main Files -->
	<files>
		<folder>szaki_table/</folder>
		<filename plugin="szaki_table">szaki_table.php</filename>
	</files>
	
	<!-- Plugin Params -->
	<params>
	<param name="jQuery" type="list" default="1" label="JQUERY" description="JQUERY DESC">
			<option value="1">Yes</option>
			<option value="0">No</option>
		</param>
		<param name="cache" type="list" default="1" label="Caching" description="Select whether to cache the content of this module">
			<option value="1">Use global</option>
			<option value="0">No caching</option>
		</param>
		<param name="cache_time" type="text" default="900" label="Cache Time" description="The time before the module is recached" />
	</params>
	
	<!-- Language -->
	<languages>
		<language tag="en-GB">language/en-GB/en-GB.plg_content_szaki_table.ini</language>
		<language tag="hu-HU">language/hu-HU/hu-HU.plg_content_szaki_table.ini</language>
	</languages>

	<administration>
		<languages>
			<language tag="en-GB">language/en-GB/en-GB.plg_content_szaki_table.ini</language>
			<language tag="hu-HU">language/hu-HU/hu-HU.plg_content_szaki_table.ini</language>
		</languages>
	</administration>
</install>