<?xml version="1.0" encoding="UTF-8" ?> <extension type="package" version="1.6"> <name>Spider Calendar</name> <author>Web-Dorado.com</author> <creationDate>2013</creationDate> <packagename>spidercalendar</packagename> <version>3.2.6</version> <packager>Web-Dorado Team</packager>  <description>  <![CDATA[  <p style="color:green">Spider Calendar Lite component is successfully installed.<br/> Spider Calendar Lite module is successfully installed.<br/> Spider Calendar Lite plugin is successfully installed.<br/> Upcoming Events Lite module is successfully installed.<br/></p>]]> </description> <files>   <file type="component" id="com_spidercalendar" >com_spidercalendar.zip</file>   <file type="module" id="mod_spidercalendar" client="site">mod_spidercalendar.zip</file>   <file type="module" id="mod_spidercalendar_upcoming_events"  client="site">mod_spidercalendar_upcoming_events.zip</file>   <file type="plugin" id="loadspidercalendar" group="content">plg_spidercalendar.zip</file> </files> </extension>